<?xml version="1.0" encoding="UTF-8"?>
<!DOCTYPE mapper PUBLIC "-//mybatis.org//DTD Mapper 3.0//EN" "http://mybatis.org/dtd/mybatis-3-mapper.dtd">

<mapper namespace="com.example.mapper.ApiMapper">
	<select id="list" resultType="com.example.domain.ApiVO">
        select * from api
        order by adate desc
        limit #{pageStart},#{perPageNum}
	</select>
	<select id="count" resultType="int">
		select count(*) from api
	</select>
	<update id="update">
		update api set del=#{del}, abdate=now()
		where ano=#{ano}
	</update>
	<update id="update1">
		update api set del=#{del}, abdate1=now()
		where ano=#{ano}
	</update>
</mapper>