<?xml version="1.0" encoding="UTF-8"?>
<!DOCTYPE mapper PUBLIC "-//mybatis.org//DTD Mapper 3.0//EN" "http://mybatis.org/dtd/mybatis-3-mapper.dtd">

<mapper namespace="com.example.mapper.CategoryMapper">
    <select id="plist" resultType="com.example.domain.ProductVO">
        select * from product
        	<if test="pcode != null">
	        	where pcode like concat('%', #{pcode}, '%')
	        	and pccode like concat('%', #{pccode}, '%')
	        	and pbrand like concat('%', #{pbrand}, '%')
	        	and plprice like concat('%', #{plprice}, '%')
	        	and plux like concat('%', #{plux}, '%')
	        </if>
        limit #{cri.pageStart}, #{cri.perPageNum}
    </select>
    <select id="pcount" resultType="int">
    	select count(*) from product
    		<if test="pcode != null">
	        	where pcode like concat('%', #{pcode}, '%')
	        	and pccode like concat('%', #{pccode}, '%')
	        	and pbrand like concat('%', #{pbrand}, '%')
	        	and plprice like concat('%', #{plprice}, '%')
	        	and plux like concat('%', #{plux}, '%')
	        </if>
     </select>
</mapper>