<?xml version="1.0" encoding="UTF-8"?>
<!DOCTYPE mapper PUBLIC "-//mybatis.org//DTD Mapper 3.0//EN" "http://mybatis.org/dtd/mybatis-3-mapper.dtd">

<mapper namespace="com.example.mapper.ChatMapper">
  <select id="list" resultType="com.example.domain.ChatVO">
       select c.id,c.sender,c.message,c.regdate,c.receiver,u.*
      from chat c,user u
      where c.sender=u.uid 
      and sender=#{uid} 
      or receiver=#{uid} 
      and uname='test01'
      order by regdate
    </select>
    <select id="list2" resultType="com.example.domain.ChatVO">
       select c.*,u.*
      from chat c,user u
      where c.sender=u.uid
      order by regdate
    </select>
    <insert id="insert">
       insert into chat(sender,message,receiver)
       values(#{sender},#{message},#{receiver})
    </insert>
    <delete id="delete">
       delete from chat where id=#{id}
    </delete>
</mapper>