<?xml version="1.0" encoding="UTF-8"?>
<!DOCTYPE mapper PUBLIC "-//mybatis.org//DTD Mapper 3.0//EN" "http://mybatis.org/dtd/mybatis-3-mapper.dtd">

<mapper namespace="com.example.mapper.LikesMapper">
	<insert id="lpinsert">
		insert into likes(lid,lmodel,lpcnt)
		values(#{lid},#{lmodel},#{lpcnt})
	</insert>
    <update id="lpupdate">
    	update likes set lpcnt=#{lpcnt}
    	where lno=#{lno} and lmodel=#{lmodel}
    </update>
    <insert id="rinsert">
		insert into likes(lid,lmodel,lrcnt,lrno)
		values(#{lid},#{lmodel},#{lrcnt},#{lrno})
	</insert>
    <update id="rupdate">
    	update likes set lrcnt=#{lrcnt}
    	where lrno=#{lrno} and lmodel=#{lmodel}
    </update>
    <update id="lpupdate1">
    	update likes set lpcnt=#{lpcnt}
    	where lno=#{lno} and lmodel=#{lmodel}
    </update>  
    <insert id="lbinsert">
		insert into likes(lid,lbno,lbcnt)
		values(#{lid},#{lbno},#{lbcnt})
	</insert>
    <update id="lbupdate">
    	update likes set lbcnt=#{lbcnt}
    	where lno=#{lno} and lbno=#{lbno}
    </update>
    <update id="lbupdate1">
    	update likes set lbcnt=#{lbcnt}
    	where lno=#{lno} and lbno=#{lbno}
    </update>
</mapper>