<?xml version="1.0" encoding="UTF-8"?>
<!DOCTYPE mapper PUBLIC "-//mybatis.org//DTD Mapper 3.0//EN" "http://mybatis.org/dtd/mybatis-3-mapper.dtd">

<mapper namespace="com.example.mapper.BoardMapper">
    <select id="list" resultType="com.example.domain.BoardVO">
        select * from board order by bno desc
        limit #{pageStart},#{perPageNum}
    </select>
    <select id="count" resultType="int">
        select count(*) from board 
    </select>
    <insert id="insert">
    insert into board(bid,bcontent,bimage)
    values(#{bid},#{bcontent},#{bimage})
    </insert>
    <select id="read" resultType="com.example.domain.BoardVO">
    select * from board
    where bno=#{bno}
    </select>
     <select id="top" resultType="com.example.domain.BoardVO">
    select * from board order by bcount desc
    </select>
</mapper>